scenario,algorithm,run,seq,send_ts_ms,worker_id,recv_ts_ms,completion_ts_ms,latency_ms,status,rssi
experiment,run,0,466,179609,3658959723,0,,,,sent,0,none
experiment,run,0,466,179608,3658959723,0,181016,1408,completed,0,none
experiment,run,0,467,179808,3658959723,0,,,,sent,0,none
experiment,run,0,467,179808,3658959723,0,181216,1408,completed,0,none
experiment,run,0,468,180008,3658959723,0,,,,sent,0,none
experiment,run,0,468,180008,3658959723,0,181413,1405,completed,0,none
experiment,run,0,469,180313,3658959723,0,,,,sent,0,none
experiment,run,0,470,180361,3658959723,0,,,,sent,0,none
experiment,run,0,470,180360,3658959723,0,181774,1414,completed,0,none
experiment,run,0,471,180560,3658959723,0,,,,sent,0,none
experiment,run,0,471,180560,3658959723,0,181965,1405,completed,0,none
experiment,run,0,472,180760,3658959723,0,,,,sent,0,none
experiment,run,0,472,180760,3658959723,0,182162,1402,completed,0,none
experiment,run,0,473,181618,3658959723,0,,,,sent,0,none
experiment,run,0,473,181617,3658959723,0,183023,1406,completed,0,none
experiment,run,0,474,181817,3658959723,0,,,,sent,0,none
experiment,run,0,474,181817,3658959723,0,183225,1408,completed,0,none
experiment,run,0,475,182017,3658959723,0,,,,sent,0,none
experiment,run,0,475,182017,3658959723,0,183427,1410,completed,0,none
experiment,run,0,476,182317,3658959723,0,,,,sent,0,none
experiment,run,0,476,182316,3658959723,0,183721,1405,completed,0,none
experiment,run,0,469,185314,,,,,,requeued,0,none
experiment,run,0,469,185315,3658959723,0,,,,sent,0,none
experiment,run,0,469,185314,3658959723,0,186721,1407,completed,0,none
experiment,run,0,477,192039,3658959723,0,,,,sent,0,none
experiment,run,0,477,192038,3658959723,0,193444,1406,completed,0,none
experiment,run,0,478,192323,3037662008,0,,,,sent,0,none
experiment,run,0,478,192323,3037662008,0,193740,1417,completed,0,none
experiment,run,0,479,192523,3658959723,0,,,,sent,0,none
experiment,run,0,479,192523,3658959723,0,193927,1404,completed,0,none
experiment,run,0,480,192723,3037662008,0,,,,sent,0,none
experiment,run,0,481,192923,3658959723,0,,,,sent,0,none
experiment,run,0,480,192723,3037662008,0,194264,1541,completed,0,none
experiment,run,0,481,192923,3658959723,0,194331,1408,completed,0,none
experiment,run,0,482,193123,3037662008,0,,,,sent,0,none
experiment,run,0,482,193123,3037662008,0,194565,1442,completed,0,none
experiment,run,0,483,193326,3658959723,0,,,,sent,0,none
experiment,run,0,483,193326,3658959723,0,194735,1409,completed,0,none
experiment,run,0,484,193526,3037662008,0,,,,sent,0,none
experiment,run,0,484,193526,3037662008,0,195044,1518,completed,0,none
experiment,run,0,485,208615,3658959723,0,,,,sent,0,none
experiment,run,0,486,208814,3037662008,0,,,,sent,0,none
experiment,run,0,485,208614,3658959723,0,210022,1408,completed,0,none
experiment,run,0,486,208814,3037662008,0,210230,1416,completed,0,none
experiment,run,0,487,209014,3658959723,0,,,,sent,0,none
experiment,run,0,487,209014,3658959723,0,210418,1404,completed,0,none
experiment,run,0,488,209336,3037662008,0,,,,sent,0,none
experiment,run,0,488,209335,3037662008,0,210763,1428,completed,0,none
experiment,run,0,489,209535,3658959723,0,,,,sent,0,none
experiment,run,0,489,209535,3658959723,0,210939,1404,completed,0,none
experiment,run,0,490,209735,3037662008,0,,,,sent,0,none
experiment,run,0,490,209735,3037662008,0,211147,1412,completed,0,none
experiment,run,0,491,209935,3658959723,0,,,,sent,0,none
experiment,run,0,491,209935,3658959723,0,211341,1406,completed,0,none
experiment,run,0,492,210135,3037662008,0,,,,sent,0,none
experiment,run,0,492,210135,3037662008,0,211547,1412,completed,0,none
experiment,run,0,493,210343,3658959723,0,,,,sent,0,none
experiment,run,0,493,210342,3658959723,0,211752,1410,completed,0,none
experiment,run,0,494,210542,3037662008,0,,,,sent,0,none
experiment,run,0,495,210742,3658959723,0,,,,sent,0,none
experiment,run,0,494,210542,3037662008,0,212014,1472,completed,0,none
experiment,run,0,495,210742,3658959723,0,212147,1405,completed,0,none
experiment,run,0,496,210942,3037662008,0,,,,sent,0,none
experiment,run,0,496,210942,3037662008,0,212353,1411,completed,0,none
experiment,run,0,497,211142,3658959723,0,,,,sent,0,none
experiment,run,0,497,211142,3658959723,0,212542,1400,completed,0,none
experiment,run,0,498,211344,3037662008,0,,,,sent,0,none
experiment,run,0,498,211343,3037662008,0,212765,1422,completed,0,none
experiment,run,0,499,211543,3658959723,0,,,,sent,0,none
experiment,run,0,499,211543,3658959723,0,212948,1405,completed,0,none
experiment,run,0,500,211743,3037662008,0,,,,sent,0,none
experiment,run,0,501,211943,3658959723,0,,,,sent,0,none
experiment,run,0,500,211743,3037662008,0,213263,1520,completed,0,none
experiment,run,0,501,211943,3658959723,0,213345,1402,completed,0,none
experiment,run,0,502,212143,3037662008,0,,,,sent,0,none
experiment,run,0,502,212143,3037662008,0,213552,1409,completed,0,none
experiment,run,0,503,212344,3658959723,0,,,,sent,0,none
experiment,run,0,503,212344,3658959723,0,213749,1405,completed,0,none
experiment,run,0,504,212544,3037662008,0,,,,sent,0,none
experiment,run,0,504,212544,3037662008,0,213954,1410,completed,0,none
experiment,run,0,505,212744,3658959723,0,,,,sent,0,none
experiment,run,0,505,212744,3658959723,0,214149,1405,completed,0,none
experiment,run,0,506,212944,3037662008,0,,,,sent,0,none
experiment,run,0,506,212944,3037662008,0,214354,1410,completed,0,none
experiment,run,0,507,213144,3658959723,0,,,,sent,0,none
experiment,run,0,507,213144,3658959723,0,214546,1402,completed,0,none
experiment,run,0,508,213345,3037662008,0,,,,sent,0,none
experiment,run,0,508,213345,3037662008,0,214755,1410,completed,0,none
experiment,run,0,509,213545,3658959723,0,,,,sent,0,none
experiment,run,0,509,213545,3658959723,0,214949,1404,completed,0,none
experiment,run,0,510,213745,3037662008,0,,,,sent,0,none
experiment,run,0,511,213945,3658959723,0,,,,sent,0,none
experiment,run,0,510,213745,3037662008,0,215318,1573,completed,0,none
experiment,run,0,511,213945,3658959723,0,215346,1401,completed,0,none
experiment,run,0,512,214145,3037662008,0,,,,sent,0,none
experiment,run,0,512,214145,3037662008,0,215589,1444,completed,0,none
experiment,run,0,513,214346,3658959723,0,,,,sent,0,none
experiment,run,0,513,214346,3658959723,0,215747,1401,completed,0,none
experiment,run,0,514,214546,3037662008,0,,,,sent,0,none
experiment,run,0,514,214546,3037662008,0,215958,1412,completed,0,none
experiment,run,0,515,214746,3658959723,0,,,,sent,0,none
experiment,run,0,515,214746,3658959723,0,216149,1403,completed,0,none
experiment,run,0,516,214946,3037662008,0,,,,sent,0,none
experiment,run,0,516,214946,3037662008,0,216413,1467,completed,0,none
experiment,run,0,517,215146,3658959723,0,,,,sent,0,none
experiment,run,0,517,215146,3658959723,0,216547,1401,completed,0,none
experiment,run,0,518,215348,3037662008,0,,,,sent,0,none
experiment,run,0,518,215348,3037662008,0,216762,1414,completed,0,none
experiment,run,0,519,215548,3658959723,0,,,,sent,0,none
experiment,run,0,519,215548,3658959723,0,216952,1404,completed,0,none
experiment,run,0,520,215748,3037662008,0,,,,sent,0,none
experiment,run,0,520,215748,3037662008,0,217213,1465,completed,0,none
experiment,run,0,521,215948,3658959723,0,,,,sent,0,none
experiment,run,0,521,215948,3658959723,0,217354,1406,completed,0,none
experiment,run,0,522,216148,3037662008,0,,,,sent,0,none
experiment,run,0,522,216148,3037662008,0,217581,1433,completed,0,none
experiment,run,0,523,216348,3658959723,0,,,,sent,0,none
experiment,run,0,523,216348,3658959723,0,217754,1406,completed,0,none
experiment,run,0,524,216548,3037662008,0,,,,sent,0,none
experiment,run,0,525,216748,3658959723,0,,,,sent,0,none
experiment,run,0,524,216548,3037662008,0,218013,1465,completed,0,none
experiment,run,0,526,216948,3037662008,0,,,,sent,0,none
experiment,run,0,525,216748,3658959723,0,218151,1403,completed,0,none
experiment,run,0,526,216948,3037662008,0,218357,1409,completed,0,none
experiment,run,0,527,217148,3658959723,0,,,,sent,0,none
experiment,run,0,527,217148,3658959723,0,218552,1404,completed,0,none
experiment,run,0,528,217349,3037662008,0,,,,sent,0,none
experiment,run,0,528,217349,3037662008,0,218788,1439,completed,0,none
experiment,run,0,529,217549,3658959723,0,,,,sent,0,none
experiment,run,0,529,217549,3658959723,0,218950,1401,completed,0,none
experiment,run,0,530,217749,3037662008,0,,,,sent,0,none
experiment,run,0,530,217749,3037662008,0,219159,1410,completed,0,none
experiment,run,0,531,217949,3658959723,0,,,,sent,0,none
experiment,run,0,531,217949,3658959723,0,219351,1402,completed,0,none
experiment,run,0,532,218149,3037662008,0,,,,sent,0,none
experiment,run,0,532,218149,3037662008,0,219587,1438,completed,0,none
experiment,run,0,533,218351,3658959723,0,,,,sent,0,none
experiment,run,0,533,218351,3658959723,0,219752,1401,completed,0,none
experiment,run,0,534,218551,3037662008,0,,,,sent,0,none
experiment,run,0,534,218551,3037662008,0,219960,1409,completed,0,none
experiment,run,0,535,218751,3658959723,0,,,,sent,0,none
experiment,run,0,536,218951,3037662008,0,,,,sent,0,none
experiment,run,0,535,218751,3658959723,0,220153,1402,completed,0,none
experiment,run,0,536,218951,3037662008,0,220387,1436,completed,0,none
experiment,run,0,537,219151,3658959723,0,,,,sent,0,none
experiment,run,0,537,219151,3658959723,0,220556,1405,completed,0,none
experiment,run,0,538,219352,3037662008,0,,,,sent,0,none
experiment,run,0,539,219551,3658959723,0,,,,sent,0,none
experiment,run,0,538,219351,3037662008,0,220913,1562,completed,0,none
experiment,run,0,539,219551,3658959723,0,220952,1401,completed,0,none
experiment,run,0,540,219751,3037662008,0,,,,sent,0,none
experiment,run,0,540,219751,3037662008,0,221162,1411,completed,0,none
experiment,run,0,541,219951,3658959723,0,,,,sent,0,none
experiment,run,0,541,219951,3658959723,0,221357,1406,completed,0,none
experiment,run,0,542,220151,3037662008,0,,,,sent,0,none
experiment,run,0,543,220351,3658959723,0,,,,sent,0,none
experiment,run,0,542,220151,3037662008,0,221712,1561,completed,0,none
experiment,run,0,544,220551,3037662008,0,,,,sent,0,none
experiment,run,0,543,220351,3658959723,0,221752,1401,completed,0,none
experiment,run,0,544,220551,3037662008,0,221988,1437,completed,0,none
experiment,run,0,545,220751,3658959723,0,,,,sent,0,none
experiment,run,0,545,220751,3658959723,0,222154,1403,completed,0,none
experiment,run,0,546,220951,3037662008,0,,,,sent,0,none
experiment,run,0,547,221151,3658959723,0,,,,sent,0,none
experiment,run,0,546,220951,3037662008,0,222512,1561,completed,0,none
experiment,run,0,547,221151,3658959723,0,222556,1405,completed,0,none
